asset,question_id,question,knowledge_instruction,answer_A,answer_B,correct_answer,semantic_answer,image_A,image_B,knowledge_category,image_source
semantic_pilot_v1,0,Which animal is associated with Australia?,Place the cube on the animal that is associated with Australia.,kangaroo,tiger,A,kangaroo,shapes/sem_0_A/textured.glb,shapes/sem_0_B/textured.glb,living_world,"synthetic (PIL, hand-authored pictogram)"
semantic_pilot_v1,1,Which animal lives at the North Pole?,Place the cube on the animal that lives at the North Pole.,polar bear,camel,A,polar bear,shapes/sem_1_A/textured.glb,shapes/sem_1_B/textured.glb,living_world,"synthetic (PIL, hand-authored pictogram)"
semantic_pilot_v1,2,Which animal is known for a very long neck?,Place the cube on the animal that is known for a very long neck.,giraffe,pig,A,giraffe,shapes/sem_2_A/textured.glb,shapes/sem_2_B/textured.glb,living_world,"synthetic (PIL, hand-authored pictogram)"
semantic_pilot_v1,3,Which animal can fly?,Place the cube on the animal that can fly.,parrot,penguin,A,parrot,shapes/sem_3_A/textured.glb,shapes/sem_3_B/textured.glb,living_world,"synthetic (PIL, hand-authored pictogram)"
semantic_pilot_v1,4,Which animal is known for changing color to hide?,Place the cube on the animal that is known for changing color to hide.,chameleon,elephant,A,chameleon,shapes/sem_4_A/textured.glb,shapes/sem_4_B/textured.glb,living_world,"synthetic (PIL, hand-authored pictogram)"
semantic_pilot_v1,5,Which animal produces honey?,Place the cube on the animal that produces honey.,bee,spider,A,bee,shapes/sem_5_A/textured.glb,shapes/sem_5_B/textured.glb,living_world,"synthetic (PIL, hand-authored pictogram)"
semantic_pilot_v1,6,Which animal has a hard shell on its back?,Place the cube on the animal that has a hard shell on its back.,turtle,frog,A,turtle,shapes/sem_6_A/textured.glb,shapes/sem_6_B/textured.glb,living_world,"synthetic (PIL, hand-authored pictogram)"
semantic_pilot_v1,7,Which animal is the largest land animal?,Place the cube on the animal that is the largest land animal.,elephant,dog,A,elephant,shapes/sem_7_A/textured.glb,shapes/sem_7_B/textured.glb,living_world,"synthetic (PIL, hand-authored pictogram)"
semantic_pilot_v1,8,Which animal is known for black and white stripes?,Place the cube on the animal that is known for black and white stripes.,zebra,horse,A,zebra,shapes/sem_8_A/textured.glb,shapes/sem_8_B/textured.glb,living_world,"synthetic (PIL, hand-authored pictogram)"
semantic_pilot_v1,9,Which animal hops using strong hind legs?,Place the cube on the animal that hops using strong hind legs.,rabbit,cow,A,rabbit,shapes/sem_9_A/textured.glb,shapes/sem_9_B/textured.glb,living_world,"synthetic (PIL, hand-authored pictogram)"
semantic_pilot_v1,10,Which object would melt if left in the sun?,Place the cube on the object that would melt if left in the sun.,ice cube,rock,A,ice cube,shapes/sem_10_A/textured.glb,shapes/sem_10_B/textured.glb,object_state,"synthetic (PIL, hand-authored pictogram)"
semantic_pilot_v1,11,Which object can float on water?,Place the cube on the object that can float on water.,wooden block,iron nail,A,wooden block,shapes/sem_11_A/textured.glb,shapes/sem_11_B/textured.glb,object_state,"synthetic (PIL, hand-authored pictogram)"
semantic_pilot_v1,12,Which object is used to cut paper?,Place the cube on the object that is used to cut paper.,scissors,spoon,A,scissors,shapes/sem_12_A/textured.glb,shapes/sem_12_B/textured.glb,object_state,"synthetic (PIL, hand-authored pictogram)"
semantic_pilot_v1,13,Which object would shatter if dropped on a hard floor?,Place the cube on the object that would shatter if dropped on a hard floor.,glass cup,rubber ball,A,glass cup,shapes/sem_13_A/textured.glb,shapes/sem_13_B/textured.glb,object_state,"synthetic (PIL, hand-authored pictogram)"
semantic_pilot_v1,14,Which object is a source of light?,Place the cube on the object that is a source of light.,light bulb,rock,A,light bulb,shapes/sem_14_A/textured.glb,shapes/sem_14_B/textured.glb,object_state,"synthetic (PIL, hand-authored pictogram)"
semantic_pilot_v1,15,Which object is used to write?,Place the cube on the object that is used to write.,pen,fork,A,pen,shapes/sem_15_A/textured.glb,shapes/sem_15_B/textured.glb,object_state,"synthetic (PIL, hand-authored pictogram)"
semantic_pilot_v1,16,Which object is used to tell the time?,Place the cube on the object that is used to tell the time.,clock,plate,A,clock,shapes/sem_16_A/textured.glb,shapes/sem_16_B/textured.glb,object_state,"synthetic (PIL, hand-authored pictogram)"
semantic_pilot_v1,17,Which object would rust if left out in the rain?,Place the cube on the object that would rust if left out in the rain.,iron nail,plastic cup,A,iron nail,shapes/sem_17_A/textured.glb,shapes/sem_17_B/textured.glb,object_state,"synthetic (PIL, hand-authored pictogram)"
semantic_pilot_v1,18,Which object is soft and squishy?,Place the cube on the object that is soft and squishy.,pillow,brick,A,pillow,shapes/sem_18_A/textured.glb,shapes/sem_18_B/textured.glb,object_state,"synthetic (PIL, hand-authored pictogram)"
semantic_pilot_v1,19,Which object is used to unlock a door?,Place the cube on the object that is used to unlock a door.,key,spoon,A,key,shapes/sem_19_A/textured.glb,shapes/sem_19_B/textured.glb,object_state,"synthetic (PIL, hand-authored pictogram)"
semantic_pilot_v1,20,Which sign tells a driver to stop?,Place the cube on the sign that tells a driver to stop.,stop sign,parking sign,A,stop sign,shapes/sem_20_A/textured.glb,shapes/sem_20_B/textured.glb,traffic_public,"synthetic (PIL, hand-authored pictogram)"
semantic_pilot_v1,21,Which sign means no entry?,Place the cube on the sign that means no entry.,no entry sign,speed limit sign,A,no entry sign,shapes/sem_21_A/textured.glb,shapes/sem_21_B/textured.glb,traffic_public,"synthetic (PIL, hand-authored pictogram)"
semantic_pilot_v1,22,Which sign warns of a pedestrian crossing?,Place the cube on the sign that warns of a pedestrian crossing.,pedestrian crossing sign,restaurant sign,A,pedestrian crossing sign,shapes/sem_22_A/textured.glb,shapes/sem_22_B/textured.glb,traffic_public,"synthetic (PIL, hand-authored pictogram)"
semantic_pilot_v1,23,Which sign indicates a hospital nearby?,Place the cube on the sign that indicates a hospital nearby.,hospital sign,restaurant sign,A,hospital sign,shapes/sem_23_A/textured.glb,shapes/sem_23_B/textured.glb,traffic_public,"synthetic (PIL, hand-authored pictogram)"
semantic_pilot_v1,24,Which sign means yield to other traffic?,Place the cube on the sign that means yield to other traffic.,yield sign,stop sign,A,yield sign,shapes/sem_24_A/textured.glb,shapes/sem_24_B/textured.glb,traffic_public,"synthetic (PIL, hand-authored pictogram)"
semantic_pilot_v1,25,Which sign allows parking?,Place the cube on the sign that allows parking.,parking sign,no parking sign,A,parking sign,shapes/sem_25_A/textured.glb,shapes/sem_25_B/textured.glb,traffic_public,"synthetic (PIL, hand-authored pictogram)"
semantic_pilot_v1,26,Which symbol means recycle?,Place the cube on the symbol that means recycle.,recycling symbol,trash can,A,recycling symbol,shapes/sem_26_A/textured.glb,shapes/sem_26_B/textured.glb,traffic_public,"synthetic (PIL, hand-authored pictogram)"
semantic_pilot_v1,27,Which sign shows an emergency exit?,Place the cube on the sign that shows an emergency exit.,exit sign,parking sign,A,exit sign,shapes/sem_27_A/textured.glb,shapes/sem_27_B/textured.glb,traffic_public,"synthetic (PIL, hand-authored pictogram)"
semantic_pilot_v1,28,Which sign means no smoking allowed?,Place the cube on the sign that means no smoking allowed.,no smoking sign,no parking sign,A,no smoking sign,shapes/sem_28_A/textured.glb,shapes/sem_28_B/textured.glb,traffic_public,"synthetic (PIL, hand-authored pictogram)"
semantic_pilot_v1,29,Which sign indicates a speed limit?,Place the cube on the sign that indicates a speed limit.,speed limit sign,stop sign,A,speed limit sign,shapes/sem_29_A/textured.glb,shapes/sem_29_B/textured.glb,traffic_public,"synthetic (PIL, hand-authored pictogram)"
semantic_pilot_v1,30,Which item is associated with Halloween?,Place the cube on the item that is associated with Halloween.,pumpkin,christmas tree,A,pumpkin,shapes/sem_30_A/textured.glb,shapes/sem_30_B/textured.glb,cultural_symbolic,"synthetic (PIL, hand-authored pictogram)"
semantic_pilot_v1,31,Which item symbolizes love?,Place the cube on the item that symbolizes love.,heart,star,A,heart,shapes/sem_31_A/textured.glb,shapes/sem_31_B/textured.glb,cultural_symbolic,"synthetic (PIL, hand-authored pictogram)"
semantic_pilot_v1,32,Which instrument has strings?,Place the cube on the instrument that has strings.,guitar,drum,A,guitar,shapes/sem_32_A/textured.glb,shapes/sem_32_B/textured.glb,cultural_symbolic,"synthetic (PIL, hand-authored pictogram)"
semantic_pilot_v1,33,Which building serves a religious purpose?,Place the cube on the building that serves a religious purpose.,church,house,A,church,shapes/sem_33_A/textured.glb,shapes/sem_33_B/textured.glb,cultural_symbolic,"synthetic (PIL, hand-authored pictogram)"
semantic_pilot_v1,34,Which game piece is used in chess?,Place the cube on the game piece that is used in chess.,chess king,dice,A,chess king,shapes/sem_34_A/textured.glb,shapes/sem_34_B/textured.glb,cultural_symbolic,"synthetic (PIL, hand-authored pictogram)"
semantic_pilot_v1,35,Which item is used to measure temperature?,Place the cube on the item that is used to measure temperature.,thermometer,ruler,A,thermometer,shapes/sem_35_A/textured.glb,shapes/sem_35_B/textured.glb,cultural_symbolic,"synthetic (PIL, hand-authored pictogram)"
semantic_pilot_v1,36,Which item is associated with birthdays?,Place the cube on the item that is associated with birthdays.,birthday cake,loaf of bread,A,birthday cake,shapes/sem_36_A/textured.glb,shapes/sem_36_B/textured.glb,cultural_symbolic,"synthetic (PIL, hand-authored pictogram)"
semantic_pilot_v1,37,Which item is a musical symbol?,Place the cube on the item that is a musical symbol.,musical note,question mark,A,musical note,shapes/sem_37_A/textured.glb,shapes/sem_37_B/textured.glb,cultural_symbolic,"synthetic (PIL, hand-authored pictogram)"
semantic_pilot_v1,38,Which item represents peace?,Place the cube on the item that represents peace.,dove,crow,A,dove,shapes/sem_38_A/textured.glb,shapes/sem_38_B/textured.glb,cultural_symbolic,"synthetic (PIL, hand-authored pictogram)"
semantic_pilot_v1,39,Which item is used to weigh objects?,Place the cube on the item that is used to weigh objects.,weighing scale,ruler,A,weighing scale,shapes/sem_39_A/textured.glb,shapes/sem_39_B/textured.glb,cultural_symbolic,"synthetic (PIL, hand-authored pictogram)"
