id,category,image_a,image_b,question,correct_image,count_a,count_b,color_a,color_b,explicit_object,explicit_spatial
C01,counting,images/C01_A.png,images/C01_B.png,Place the cube on the tile containing exactly two circles.,A,2,3,red,blue,Place the cube on the tile with red circles.,Place the cube on the left tile.
C02,counting,images/C02_A.png,images/C02_B.png,Place the cube on the tile containing exactly three circles.,B,4,3,blue,red,Place the cube on the tile with red circles.,Place the cube on the right tile.
C03,counting,images/C03_A.png,images/C03_B.png,Place the cube on the tile containing exactly four circles.,A,4,5,blue,red,Place the cube on the tile with blue circles.,Place the cube on the left tile.
C04,counting,images/C04_A.png,images/C04_B.png,Place the cube on the tile containing exactly five circles.,B,6,5,red,blue,Place the cube on the tile with blue circles.,Place the cube on the right tile.
C05,counting,images/C05_A.png,images/C05_B.png,Place the cube on the tile containing exactly six circles.,B,7,6,blue,red,Place the cube on the tile with red circles.,Place the cube on the right tile.
C06,counting,images/C06_A.png,images/C06_B.png,Place the cube on the tile containing exactly three circles.,A,3,2,blue,red,Place the cube on the tile with blue circles.,Place the cube on the left tile.
C07,counting,images/C07_A.png,images/C07_B.png,Place the cube on the tile containing exactly four circles.,B,3,4,red,blue,Place the cube on the tile with blue circles.,Place the cube on the right tile.
C08,counting,images/C08_A.png,images/C08_B.png,Place the cube on the tile containing exactly five circles.,A,5,4,red,blue,Place the cube on the tile with red circles.,Place the cube on the left tile.
C09,counting,images/C09_A.png,images/C09_B.png,Place the cube on the tile containing exactly six circles.,B,5,6,red,blue,Place the cube on the tile with blue circles.,Place the cube on the right tile.
C10,counting,images/C10_A.png,images/C10_B.png,Place the cube on the tile containing exactly seven circles.,A,7,6,red,blue,Place the cube on the tile with red circles.,Place the cube on the left tile.
