question_id,left_time,right_time,answer,knowledge_instruction,explicit_object_instruction,explicit_spatial_instruction
0,10:00 AM,1:00 AM,Right,Place the cube on the clock showing a time when stars are more likely to be visible.,Place the cube on the 1:00 AM clock.,Place the cube on the right tile.
1,6:00 AM,7:00 PM,Right,Place the cube on the clock showing a time closer to sunset.,Place the cube on the 7:00 PM clock.,Place the cube on the right tile.
2,6:00 AM,7:00 PM,Left,Place the cube on the clock showing a time closer to sunrise.,Place the cube on the 6:00 AM clock.,Place the cube on the left tile.
3,9:00 AM,12:00 PM,Right,Place the cube on the clock showing a time when outdoor shadows are shorter.,Place the cube on the 12:00 PM clock.,Place the cube on the right tile.
4,11:00 PM,2:00 PM,Left,Place the cube on the clock showing a time when streetlights are more likely to be on.,Place the cube on the 11:00 PM clock.,Place the cube on the left tile.
5,1:00 PM,2:00 AM,Right,Place the cube on the clock showing a time when you are more likely to need a flashlight outdoors.,Place the cube on the 2:00 AM clock.,Place the cube on the right tile.
6,11:00 PM,12:00 PM,Right,Place the cube on the clock showing a time closer to when the sun is highest in the sky.,Place the cube on the 12:00 PM clock.,Place the cube on the right tile.
7,4:00 PM,5:00 AM,Left,Place the cube on the clock showing a time when it is typically warmer outdoors.,Place the cube on the 4:00 PM clock.,Place the cube on the left tile.
8,8:00 AM,6:00 PM,Left,Place the cube on the clock showing a typical morning commute time.,Place the cube on the 8:00 AM clock.,Place the cube on the left tile.
9,10:00 AM,7:00 PM,Left,Place the cube on the clock showing a time when school classes are typically in session.,Place the cube on the 10:00 AM clock.,Place the cube on the left tile.
