asset,question_id,question,knowledge_instruction,correct,distractor,correct_side,knowledge_category
emotion_pilot_v1,0,Which face shows how someone feels when they win a prize?,Place the cube on the face that shows how someone feels when they win a prize.,happy face,sad face,Left,emotion
emotion_pilot_v1,1,Which face shows how someone feels when their pet runs away?,Place the cube on the face that shows how someone feels when their pet runs away.,sad face,happy face,Right,emotion
emotion_pilot_v1,2,Which face shows how someone feels when a stranger steals their toy?,Place the cube on the face that shows how someone feels when a stranger steals their toy.,angry face,happy face,Left,emotion
emotion_pilot_v1,3,Which face shows how someone feels when a surprise party begins?,Place the cube on the face that shows how someone feels when a surprise party begins.,surprised face,sad face,Right,emotion
emotion_pilot_v1,4,Which face shows how someone feels when they see a scary monster?,Place the cube on the face that shows how someone feels when they see a scary monster.,scared face,happy face,Left,emotion
emotion_pilot_v1,5,Which face shows how someone feels after staying up all night?,Place the cube on the face that shows how someone feels after staying up all night.,tired face,surprised face,Right,emotion
emotion_pilot_v1,6,Which face shows how someone feels when they drop their ice cream?,Place the cube on the face that shows how someone feels when they drop their ice cream.,sad face,happy face,Left,emotion
emotion_pilot_v1,7,Which face shows how someone feels when they hear a loud bang behind them?,Place the cube on the face that shows how someone feels when they hear a loud bang behind them.,surprised face,tired face,Right,emotion
emotion_pilot_v1,8,Which face shows how someone feels when they get a birthday gift?,Place the cube on the face that shows how someone feels when they get a birthday gift.,happy face,angry face,Left,emotion
emotion_pilot_v1,9,Which face shows how someone feels when someone cuts in line?,Place the cube on the face that shows how someone feels when someone cuts in line.,angry face,tired face,Right,emotion
