question_id,source_question_id,knowledge_instruction,semantic_answer,distractor,visual_description,tile_object_instruction,explicit_object_instruction
0,0,Place the cube on the animal that is associated with Australia.,kangaroo,tiger,brown animal with a large tail,Place the cube on the tile showing the kangaroo.,Place the cube on the kangaroo.
1,1,Place the cube on the animal that lives at the North Pole.,polar bear,camel,white bear,Place the cube on the tile showing the polar bear.,Place the cube on the polar bear.
2,2,Place the cube on the animal that is known for a very long neck.,giraffe,pig,yellow animal with brown spots and a long neck,Place the cube on the tile showing the giraffe.,Place the cube on the giraffe.
3,3,Place the cube on the animal that can fly.,parrot,penguin,green bird,Place the cube on the tile showing the parrot.,Place the cube on the parrot.
4,4,Place the cube on the animal that is known for changing color to hide.,chameleon,elephant,green lizard-shaped animal,Place the cube on the tile showing the chameleon.,Place the cube on the chameleon.
5,5,Place the cube on the animal that produces honey.,bee,spider,yellow-and-black striped insect with wings,Place the cube on the tile showing the bee.,Place the cube on the bee.
6,6,Place the cube on the animal that has a hard shell on its back.,turtle,frog,green animal with a shell,Place the cube on the tile showing the turtle.,Place the cube on the turtle.
7,7,Place the cube on the animal that is the largest land animal.,elephant,dog,gray animal with a trunk,Place the cube on the tile showing the elephant.,Place the cube on the elephant.
8,8,Place the cube on the animal that is known for black and white stripes.,zebra,horse,black-and-white striped animal,Place the cube on the tile showing the zebra.,Place the cube on the zebra.
9,9,Place the cube on the animal that hops using strong hind legs.,rabbit,cow,white animal with long ears,Place the cube on the tile showing the rabbit.,Place the cube on the rabbit.
10,10,Place the cube on the object that would melt if left in the sun.,ice cube,rock,light-blue cube,Place the cube on the tile showing the ice cube.,Place the cube on the ice cube.
11,11,Place the cube on the object that can float on water.,wooden block,iron nail,brown rectangular block,Place the cube on the tile showing the wooden block.,Place the cube on the wooden block.
12,12,Place the cube on the object that is used to cut paper.,scissors,spoon,object with two finger loops and blades,Place the cube on the tile showing the scissors.,Place the cube on the scissors.
13,13,Place the cube on the object that would shatter if dropped on a hard floor.,glass cup,rubber ball,transparent cup,Place the cube on the tile showing the glass cup.,Place the cube on the glass cup.
14,14,Place the cube on the object that is a source of light.,light bulb,rock,yellow glass object with rays around it,Place the cube on the tile showing the light bulb.,Place the cube on the light bulb.
15,15,Place the cube on the object that is used to write.,pen,fork,long blue object with a pointed tip,Place the cube on the tile showing the pen.,Place the cube on the pen.
16,16,Place the cube on the object that is used to tell the time.,clock,plate,round object with hands and hour marks,Place the cube on the tile showing the clock.,Place the cube on the clock.
17,17,Place the cube on the object that would rust if left out in the rain.,iron nail,plastic cup,long gray metal spike,Place the cube on the tile showing the iron nail.,Place the cube on the iron nail.
18,18,Place the cube on the object that is soft and squishy.,pillow,brick,soft white rectangular cushion,Place the cube on the tile showing the pillow.,Place the cube on the pillow.
19,19,Place the cube on the object that is used to unlock a door.,key,spoon,gold object with teeth at one end,Place the cube on the tile showing the key.,Place the cube on the key.
