semantic_answer_id,label,asset_path,proposed_questions,distractors_used
kangaroo,kangaroo,shapes/repeat_kangaroo/textured.glb,5,"bee, elephant, light_bulb, pumpkin, recycling_symbol"
elephant,elephant,shapes/repeat_elephant/textured.glb,5,"bee, kangaroo, pumpkin, scissors, turtle"
bee,bee,shapes/repeat_bee/textured.glb,5,"clock, elephant, kangaroo, stop_sign, turtle"
turtle,turtle,shapes/repeat_turtle/textured.glb,5,"bee, elephant, light_bulb, recycling_symbol, stop_sign"
stop_sign,stop sign,shapes/repeat_stop_sign/textured.glb,5,"bee, pumpkin, recycling_symbol, scissors, turtle"
recycling_symbol,recycling symbol,shapes/repeat_recycling_symbol/textured.glb,5,"clock, kangaroo, scissors, stop_sign, turtle"
scissors,scissors,shapes/repeat_scissors/textured.glb,5,"clock, elephant, light_bulb, recycling_symbol, stop_sign"
clock,clock,shapes/repeat_clock/textured.glb,5,"bee, light_bulb, pumpkin, recycling_symbol, scissors"
light_bulb,light bulb,shapes/repeat_light_bulb/textured.glb,5,"clock, kangaroo, pumpkin, scissors, turtle"
pumpkin,pumpkin,shapes/repeat_pumpkin/textured.glb,5,"clock, elephant, kangaroo, light_bulb, stop_sign"
