index,question_id,question,question_text,knowledge_instruction,left,right,answer,noswap_correct_side,semantic_answer,semantic_answer_id,semantic_answer_label,distractor_id,distractor_label,left_label,right_label,knowledge_category,template_family,relation_type
0,0,Which animal is strongly associated with Australia?,Which animal is strongly associated with Australia?,Place the cube on the answer to this question: Which animal is strongly associated with Australia?,repeat_kangaroo,repeat_elephant,Left,left,kangaroo,kangaroo,kangaroo,elephant,elephant,kangaroo,elephant,living_world,association,geographic_association
1,1,Which marsupial carries its young in a pouch?,Which marsupial carries its young in a pouch?,Place the cube on the answer to this question: Which marsupial carries its young in a pouch?,repeat_pumpkin,repeat_kangaroo,Right,right,kangaroo,kangaroo,kangaroo,pumpkin,pumpkin,pumpkin,kangaroo,living_world,reproductive_trait,biological_attribute
2,2,Which animal moves with long hops powered by large hind legs?,Which animal moves with long hops powered by large hind legs?,Place the cube on the answer to this question: Which animal moves with long hops powered by large hind legs?,repeat_kangaroo,repeat_bee,Left,left,kangaroo,kangaroo,kangaroo,bee,bee,kangaroo,bee,living_world,locomotion,behavior
3,3,Which large marsupial appears on Australia's coat of arms?,Which large marsupial appears on Australia's coat of arms?,Place the cube on the answer to this question: Which large marsupial appears on Australia's coat of arms?,repeat_light_bulb,repeat_kangaroo,Right,right,kangaroo,kangaroo,kangaroo,light_bulb,light bulb,light bulb,kangaroo,living_world,national_symbol,cultural_association
4,4,Which animal uses its muscular tail for balance while jumping?,Which animal uses its muscular tail for balance while jumping?,Place the cube on the answer to this question: Which animal uses its muscular tail for balance while jumping?,repeat_kangaroo,repeat_recycling_symbol,Left,left,kangaroo,kangaroo,kangaroo,recycling_symbol,recycling symbol,kangaroo,recycling symbol,living_world,anatomy_function,physical_attribute
5,5,Which animal is the largest living land mammal?,Which animal is the largest living land mammal?,Place the cube on the answer to this question: Which animal is the largest living land mammal?,repeat_bee,repeat_elephant,Right,right,elephant,elephant,elephant,bee,bee,bee,elephant,living_world,superlative,category_knowledge
6,6,Which animal uses a long trunk to drink and grasp objects?,Which animal uses a long trunk to drink and grasp objects?,Place the cube on the answer to this question: Which animal uses a long trunk to drink and grasp objects?,repeat_elephant,repeat_kangaroo,Left,left,elephant,elephant,elephant,kangaroo,kangaroo,elephant,kangaroo,living_world,anatomy_function,physical_attribute
7,7,Which mammal is known for large tusks and fan-shaped ears?,Which mammal is known for large tusks and fan-shaped ears?,Place the cube on the answer to this question: Which mammal is known for large tusks and fan-shaped ears?,repeat_turtle,repeat_elephant,Right,right,elephant,elephant,elephant,turtle,turtle,turtle,elephant,living_world,distinctive_features,physical_attribute
8,8,Which animal lives in matriarch-led family herds?,Which animal lives in matriarch-led family herds?,Place the cube on the answer to this question: Which animal lives in matriarch-led family herds?,repeat_elephant,repeat_pumpkin,Left,left,elephant,elephant,elephant,pumpkin,pumpkin,elephant,pumpkin,living_world,social_structure,behavior
9,9,Which land mammal communicates using very low-frequency rumbles?,Which land mammal communicates using very low-frequency rumbles?,Place the cube on the answer to this question: Which land mammal communicates using very low-frequency rumbles?,repeat_scissors,repeat_elephant,Right,right,elephant,elephant,elephant,scissors,scissors,scissors,elephant,living_world,communication,behavior
10,10,Which insect produces honey?,Which insect produces honey?,Place the cube on the answer to this question: Which insect produces honey?,repeat_bee,repeat_turtle,Left,left,bee,bee,bee,turtle,turtle,bee,turtle,living_world,food_product,function
11,11,Which flying pollinator returns to a hive?,Which flying pollinator returns to a hive?,Place the cube on the answer to this question: Which flying pollinator returns to a hive?,repeat_elephant,repeat_bee,Right,right,bee,bee,bee,elephant,elephant,elephant,bee,living_world,habitat,category_knowledge
12,12,"Which insect colony has queens, workers, and drones?","Which insect colony has queens, workers, and drones?","Place the cube on the answer to this question: Which insect colony has queens, workers, and drones?",repeat_bee,repeat_stop_sign,Left,left,bee,bee,bee,stop_sign,stop sign,bee,stop sign,living_world,social_structure,category_knowledge
13,13,Which striped flying insect dances to show where flowers are?,Which striped flying insect dances to show where flowers are?,Place the cube on the answer to this question: Which striped flying insect dances to show where flowers are?,repeat_kangaroo,repeat_bee,Right,right,bee,bee,bee,kangaroo,kangaroo,kangaroo,bee,living_world,communication,behavior
14,14,Which common garden pollinator can defend its colony with a stinger?,Which common garden pollinator can defend its colony with a stinger?,Place the cube on the answer to this question: Which common garden pollinator can defend its colony with a stinger?,repeat_bee,repeat_clock,Left,left,bee,bee,bee,clock,clock,bee,clock,living_world,defense,biological_attribute
15,15,Which reptile carries a protective shell around its body?,Which reptile carries a protective shell around its body?,Place the cube on the answer to this question: Which reptile carries a protective shell around its body?,repeat_stop_sign,repeat_turtle,Right,right,turtle,turtle,turtle,stop_sign,stop sign,stop sign,turtle,living_world,body_covering,physical_attribute
16,16,Which marine reptile returns to beaches to lay eggs?,Which marine reptile returns to beaches to lay eggs?,Place the cube on the answer to this question: Which marine reptile returns to beaches to lay eggs?,repeat_turtle,repeat_bee,Left,left,turtle,turtle,turtle,bee,bee,turtle,bee,living_world,reproduction,behavior
17,17,Which animal can withdraw its head and limbs into a shell?,Which animal can withdraw its head and limbs into a shell?,Place the cube on the answer to this question: Which animal can withdraw its head and limbs into a shell?,repeat_recycling_symbol,repeat_turtle,Right,right,turtle,turtle,turtle,recycling_symbol,recycling symbol,recycling symbol,turtle,living_world,defense,behavior
18,18,Which slow-moving reptile is often associated with a long lifespan?,Which slow-moving reptile is often associated with a long lifespan?,Place the cube on the answer to this question: Which slow-moving reptile is often associated with a long lifespan?,repeat_turtle,repeat_elephant,Left,left,turtle,turtle,turtle,elephant,elephant,turtle,elephant,living_world,lifespan,commonsense_property
19,19,Which animal has shell sections called a carapace and plastron?,Which animal has shell sections called a carapace and plastron?,Place the cube on the answer to this question: Which animal has shell sections called a carapace and plastron?,repeat_light_bulb,repeat_turtle,Right,right,turtle,turtle,turtle,light_bulb,light bulb,light bulb,turtle,living_world,anatomy_terms,category_knowledge
20,20,Which road marker requires drivers to come to a complete halt?,Which road marker requires drivers to come to a complete halt?,Place the cube on the answer to this question: Which road marker requires drivers to come to a complete halt?,repeat_stop_sign,repeat_recycling_symbol,Left,left,stop sign,stop_sign,stop sign,recycling_symbol,recycling symbol,stop sign,recycling symbol,traffic_public,driver_action,public_rule
21,21,Which traffic marker is conventionally red and octagonal?,Which traffic marker is conventionally red and octagonal?,Place the cube on the answer to this question: Which traffic marker is conventionally red and octagonal?,repeat_turtle,repeat_stop_sign,Right,right,stop sign,stop_sign,stop sign,turtle,turtle,turtle,stop sign,traffic_public,shape_color,visual_convention
22,22,Which traffic command must a driver obey before proceeding through a controlled intersection?,Which traffic command must a driver obey before proceeding through a controlled intersection?,Place the cube on the answer to this question: Which traffic command must a driver obey before proceeding through a controlled intersection?,repeat_stop_sign,repeat_scissors,Left,left,stop sign,stop_sign,stop sign,scissors,scissors,stop sign,scissors,traffic_public,intersection_rule,public_rule
23,23,Which roadside command requires every approaching vehicle to pause fully?,Which roadside command requires every approaching vehicle to pause fully?,Place the cube on the answer to this question: Which roadside command requires every approaching vehicle to pause fully?,repeat_bee,repeat_stop_sign,Right,right,stop sign,stop_sign,stop sign,bee,bee,bee,stop sign,traffic_public,mandatory_action,public_rule
24,24,Which traffic control is placed where right-of-way requires vehicles to halt?,Which traffic control is placed where right-of-way requires vehicles to halt?,Place the cube on the answer to this question: Which traffic control is placed where right-of-way requires vehicles to halt?,repeat_stop_sign,repeat_pumpkin,Left,left,stop sign,stop_sign,stop sign,pumpkin,pumpkin,stop sign,pumpkin,traffic_public,right_of_way,public_rule
25,25,Which environmental emblem uses three chasing arrows?,Which environmental emblem uses three chasing arrows?,Place the cube on the answer to this question: Which environmental emblem uses three chasing arrows?,repeat_scissors,repeat_recycling_symbol,Right,right,recycling symbol,recycling_symbol,recycling symbol,scissors,scissors,scissors,recycling symbol,traffic_public,shape,visual_convention
26,26,Which mark indicates that material can be processed and used again?,Which mark indicates that material can be processed and used again?,Place the cube on the answer to this question: Which mark indicates that material can be processed and used again?,repeat_recycling_symbol,repeat_stop_sign,Left,left,recycling symbol,recycling_symbol,recycling symbol,stop_sign,stop sign,recycling symbol,stop sign,traffic_public,material_reuse,public_information
27,27,Which emblem commonly appears on waste-sorting bins?,Which emblem commonly appears on waste-sorting bins?,Place the cube on the answer to this question: Which emblem commonly appears on waste-sorting bins?,repeat_clock,repeat_recycling_symbol,Right,right,recycling symbol,recycling_symbol,recycling symbol,clock,clock,clock,recycling symbol,traffic_public,location,public_information
28,28,Which sustainability icon forms a triangular loop of arrows?,Which sustainability icon forms a triangular loop of arrows?,Place the cube on the answer to this question: Which sustainability icon forms a triangular loop of arrows?,repeat_recycling_symbol,repeat_turtle,Left,left,recycling symbol,recycling_symbol,recycling symbol,turtle,turtle,recycling symbol,turtle,traffic_public,shape,visual_convention
29,29,Which mark asks consumers to separate reusable waste?,Which mark asks consumers to separate reusable waste?,Place the cube on the answer to this question: Which mark asks consumers to separate reusable waste?,repeat_kangaroo,repeat_recycling_symbol,Right,right,recycling symbol,recycling_symbol,recycling symbol,kangaroo,kangaroo,kangaroo,recycling symbol,traffic_public,consumer_action,public_information
30,30,Which tool is commonly used to cut paper?,Which tool is commonly used to cut paper?,Place the cube on the answer to this question: Which tool is commonly used to cut paper?,repeat_scissors,repeat_clock,Left,left,scissors,scissors,scissors,clock,clock,scissors,clock,object_state,paper_function,function
31,31,Which handheld tool has two blades joined at a pivot?,Which handheld tool has two blades joined at a pivot?,Place the cube on the answer to this question: Which handheld tool has two blades joined at a pivot?,repeat_recycling_symbol,repeat_scissors,Right,right,scissors,scissors,scissors,recycling_symbol,recycling symbol,recycling symbol,scissors,object_state,mechanism,physical_attribute
32,32,Which implement would a tailor use to cut fabric?,Which implement would a tailor use to cut fabric?,Place the cube on the answer to this question: Which implement would a tailor use to cut fabric?,repeat_scissors,repeat_light_bulb,Left,left,scissors,scissors,scissors,light_bulb,light bulb,scissors,light bulb,object_state,occupation_use,function
33,33,Which cutting tool is operated through a pair of finger loops?,Which cutting tool is operated through a pair of finger loops?,Place the cube on the answer to this question: Which cutting tool is operated through a pair of finger loops?,repeat_stop_sign,repeat_scissors,Right,right,scissors,scissors,scissors,stop_sign,stop sign,stop sign,scissors,object_state,grip,physical_attribute
34,34,Which craft tool makes repeated snips along an edge?,Which craft tool makes repeated snips along an edge?,Place the cube on the answer to this question: Which craft tool makes repeated snips along an edge?,repeat_scissors,repeat_elephant,Left,left,scissors,scissors,scissors,elephant,elephant,scissors,elephant,object_state,craft_use,function
35,35,Which wall-mounted device is used to tell the time?,Which wall-mounted device is used to tell the time?,Place the cube on the answer to this question: Which wall-mounted device is used to tell the time?,repeat_light_bulb,repeat_clock,Right,right,clock,clock,clock,light_bulb,light bulb,light bulb,clock,object_state,time_function,function
36,36,Which round-faced device may have separate hour and minute hands?,Which round-faced device may have separate hour and minute hands?,Place the cube on the answer to this question: Which round-faced device may have separate hour and minute hands?,repeat_clock,repeat_scissors,Left,left,clock,clock,clock,scissors,scissors,clock,scissors,object_state,display,physical_attribute
37,37,Which timepiece may make a ticking sound?,Which timepiece may make a ticking sound?,Place the cube on the answer to this question: Which timepiece may make a ticking sound?,repeat_pumpkin,repeat_clock,Right,right,clock,clock,clock,pumpkin,pumpkin,pumpkin,clock,object_state,sound,sensory_attribute
38,38,Which device would someone consult to see whether an appointment is late?,Which device would someone consult to see whether an appointment is late?,Place the cube on the answer to this question: Which device would someone consult to see whether an appointment is late?,repeat_clock,repeat_recycling_symbol,Left,left,clock,clock,clock,recycling_symbol,recycling symbol,clock,recycling symbol,object_state,scheduling,function
39,39,On which timekeeping device do both hands point upward at noon?,On which timekeeping device do both hands point upward at noon?,Place the cube on the answer to this question: On which timekeeping device do both hands point upward at noon?,repeat_bee,repeat_clock,Right,right,clock,clock,clock,bee,bee,bee,clock,object_state,noon_display,category_knowledge
40,40,Which household device glows when electric current heats its filament?,Which household device glows when electric current heats its filament?,Place the cube on the answer to this question: Which household device glows when electric current heats its filament?,repeat_light_bulb,repeat_pumpkin,Left,left,light bulb,light_bulb,light bulb,pumpkin,pumpkin,light bulb,pumpkin,object_state,filament,mechanism
41,41,Which glass electrical device is screwed into a lamp socket?,Which glass electrical device is screwed into a lamp socket?,Place the cube on the answer to this question: Which glass electrical device is screwed into a lamp socket?,repeat_clock,repeat_light_bulb,Right,right,light bulb,light_bulb,light bulb,clock,clock,clock,light bulb,object_state,socket,function
42,42,Which replaceable part of a lamp illuminates a room?,Which replaceable part of a lamp illuminates a room?,Place the cube on the answer to this question: Which replaceable part of a lamp illuminates a room?,repeat_light_bulb,repeat_kangaroo,Left,left,light bulb,light_bulb,light bulb,kangaroo,kangaroo,light bulb,kangaroo,object_state,illumination,function
43,43,Which electrical invention is popularly associated with Thomas Edison?,Which electrical invention is popularly associated with Thomas Edison?,Place the cube on the answer to this question: Which electrical invention is popularly associated with Thomas Edison?,repeat_scissors,repeat_light_bulb,Right,right,light bulb,light_bulb,light bulb,scissors,scissors,scissors,light bulb,object_state,inventor,cultural_association
44,44,Which lamp component stops working when its filament burns out?,Which lamp component stops working when its filament burns out?,Place the cube on the answer to this question: Which lamp component stops working when its filament burns out?,repeat_light_bulb,repeat_turtle,Left,left,light bulb,light_bulb,light bulb,turtle,turtle,light bulb,turtle,object_state,failure_mode,mechanism
45,45,Which orange crop is strongly associated with Halloween?,Which orange crop is strongly associated with Halloween?,Place the cube on the answer to this question: Which orange crop is strongly associated with Halloween?,repeat_kangaroo,repeat_pumpkin,Right,right,pumpkin,pumpkin,pumpkin,kangaroo,kangaroo,kangaroo,pumpkin,cultural_symbolic,holiday,cultural_association
46,46,Which gourd is traditionally carved into a jack-o'-lantern?,Which gourd is traditionally carved into a jack-o'-lantern?,Place the cube on the answer to this question: Which gourd is traditionally carved into a jack-o'-lantern?,repeat_pumpkin,repeat_light_bulb,Left,left,pumpkin,pumpkin,pumpkin,light_bulb,light bulb,pumpkin,light bulb,cultural_symbolic,decoration,cultural_association
47,47,Which vine-grown crop is commonly baked into a Thanksgiving pie?,Which vine-grown crop is commonly baked into a Thanksgiving pie?,Place the cube on the answer to this question: Which vine-grown crop is commonly baked into a Thanksgiving pie?,repeat_elephant,repeat_pumpkin,Right,right,pumpkin,pumpkin,pumpkin,elephant,elephant,elephant,pumpkin,cultural_symbolic,food_use,cultural_association
48,48,Which round autumn squash usually has a thick green stem?,Which round autumn squash usually has a thick green stem?,Place the cube on the answer to this question: Which round autumn squash usually has a thick green stem?,repeat_pumpkin,repeat_clock,Left,left,pumpkin,pumpkin,pumpkin,clock,clock,pumpkin,clock,cultural_symbolic,appearance,physical_attribute
49,49,Which harvest decoration contains seeds that are often roasted after carving?,Which harvest decoration contains seeds that are often roasted after carving?,Place the cube on the answer to this question: Which harvest decoration contains seeds that are often roasted after carving?,repeat_stop_sign,repeat_pumpkin,Right,right,pumpkin,pumpkin,pumpkin,stop_sign,stop sign,stop sign,pumpkin,cultural_symbolic,seeds,commonsense_property
