id,category,image_a,image_b,question,correct_image,count_a,count_b
C01,counting,images/C01_A.png,images/C01_B.png,Place the cube on the tile containing exactly two circles.,A,2,3
C02,counting,images/C02_A.png,images/C02_B.png,Place the cube on the tile containing exactly three circles.,B,4,3
C03,counting,images/C03_A.png,images/C03_B.png,Place the cube on the tile containing exactly four circles.,A,4,5
C04,counting,images/C04_A.png,images/C04_B.png,Place the cube on the tile containing exactly five circles.,B,6,5
C05,counting,images/C05_A.png,images/C05_B.png,Place the cube on the tile containing exactly six circles.,B,7,6
C06,counting,images/C06_A.png,images/C06_B.png,Place the cube on the tile containing exactly three circles.,A,3,2
C07,counting,images/C07_A.png,images/C07_B.png,Place the cube on the tile containing exactly four circles.,B,3,4
C08,counting,images/C08_A.png,images/C08_B.png,Place the cube on the tile containing exactly five circles.,A,5,4
C09,counting,images/C09_A.png,images/C09_B.png,Place the cube on the tile containing exactly six circles.,B,5,6
C10,counting,images/C10_A.png,images/C10_B.png,Place the cube on the tile containing exactly seven circles.,A,7,6
